"id";"latitude";"longitude"
"22.4095957456";"78.1635058185"
"22.147452713";"72.0413328782"
"21.7374398237";"84.5809391277"
"24.2187938813";"76.6696445379"
"19.6376864714";"76.3494538224"
"15.3827355192";"75.9049288523"
"16.5719387008";"74.4417451998"
"24.6425804773";"80.991962713"
"25.3771556752";"94.3465993327"
"24.9822804171";"86.5151511771"
"27.5257361237";"94.5145733467"
"24.0724986124";"77.5448392898"
"28.0363851079";"73.4515322974"
"27.5275338609";"72.5831799705"
"27.0843481163";"74.7946345267"
"23.8428672114";"88.5602301972"
"19.2614175659";"76.2842661833"
"23.1705723765";"78.2051025465"
"12.0058542827";"78.8330386082"
"18.4887490665";"84.1367923518"
"16.9535333415";"81.3665034839"
"16.1522844397";"80.9886925062"
"33.5824690366";"78.3681342347"
"16.8372634334";"73.9169962046"
"15.9267846516";"73.7973216895"
"23.2871074213";"74.0316563866"
"17.9749063621";"81.068393483"
"11.2573730975";"76.9524922872"
"26.2407088582";"92.5117850323"
"30.3281237688";"79.7177940691"
"9.3842970279";"77.3898667748"
"22.9931418905";"77.9813827104"
"19.861952231";"79.8709859883"
"26.6073262584";"79.0678452238"
"21.5047668414";"76.5797325181"
"19.1003310926";"80.655578153"
"21.6542756277";"85.032357622"
"26.7612400796";"89.5319707915"
"24.4170321491";"80.9806891885"
"27.4162462159";"92.7768878792"
"22.5699080487";"82.1585583025"
"26.5671276822";"78.0395743561"
"25.8342441229";"93.953668033"
"28.5690507128";"95.3903715157"
"31.0158338441";"79.5141466726"
"21.5236604422";"73.5451734408"
"11.4376559097";"79.3790200007"
"27.5713954011";"79.2166743616"
"23.043293326";"87.4272896207"
"13.897491106";"76.0310557728"
"20.808141834";"73.4017512517"
"25.016908222";"82.9384222384"
"16.232851041";"75.1926835754"
"16.5117916451";"76.1706437106"
"26.7294558211";"84.2306552945"
"25.4714929044";"88.0571154229"
"11.9660140016";"78.779491581"
"24.2520605507";"77.2276542744"
"15.7290576911";"74.9931262518"
"24.8079844276";"87.6762222108"
"21.0972834603";"81.126171978"
"20.6141883374";"79.491670602"
"22.415487741";"88.3836201954"
"28.9959071814";"95.5379127451"
"23.9839765593";"79.7448206089"
"31.0064182445";"77.7467057557"
"29.4851063738";"77.0994974971"
"12.2840912031";"76.1344273786"
"26.1657023276";"82.0716094941"
"25.3619211793";"82.0542840772"
"15.9974559624";"76.5592410414"
"35.2349708507";"79.2953540677"
"18.0325036531";"74.3160842501"
"28.0846144108";"96.9991374163"
"25.5759842503";"81.6740858983"
"26.1708442804";"76.7147629974"
"19.9931878207";"79.0821870359"
"20.5486458884";"83.2558937069"
"28.4585523769";"75.8312608127"
"17.9700928335";"83.2880046967"
"34.9408825996";"78.8674962571"
"24.7503317101";"74.8045600184"
"36.4102585491";"75.7497702498"
"22.2886156649";"86.5357777372"
"22.5201553861";"83.5383387519"
"23.7144199648";"80.9046599804"
"23.0726310667";"72.3422559717"
"23.2635668981";"78.4287852634"
"19.0917209054";"76.5069766821"
"11.9259656542";"75.9385115275"
"21.1868335011";"77.3000296902"
"32.3643505926";"76.0319905694"
"21.9450909538";"69.2511028921"
"27.0190998881";"74.3113923719"
"27.5126988077";"78.8744136369"
"15.5650749766";"78.3153885758"
"18.2804065469";"79.549260048"
"17.639470833";"78.3484699109"
"18.3955740348";"82.8859023788"
"31.8778017834";"74.6576175126"
"20.2600295313";"75.008796224"
"23.9979948139";"84.2339818582"
"16.8607055087";"82.0176531347"
"23.1716651375";"75.5004817862"
"14.1859888387";"75.7164135019"
"26.3038218185";"90.1086757138"
"35.6789218077";"74.9348738464"
"20.2816539167";"79.1576644281"
"29.077365605";"73.8083741706"
"27.0184454088";"75.1705313559"
"28.287048741";"95.8790408726"
"14.4344485485";"76.7899694949"
"21.2775184773";"74.6589137048"
"22.9491579236";"82.7826453185"
"35.4540345976";"79.2202835281"
"19.2400693972";"74.4215722571"
"21.7226041493";"83.8424061114"
"20.7380686463";"86.3545748022"
"13.9995272396";"75.9858140057"
"24.915954001";"75.3623805367"
"21.770639208";"79.3941221435"
"24.2275300162";"79.5947636618"
"18.9502185778";"74.6496667456"
"20.0158436047";"85.79454018"
"22.243578201";"70.7893120767"
"12.5133333082";"79.8241984596"
"19.2464877945";"79.8500687009"
"26.1641221171";"75.4682989885"
"24.5384758913";"94.2031606177"
"24.5787527346";"92.443190711"
"24.0517095231";"85.5026651634"
"12.91739222";"79.1986425312"
"24.2507737509";"88.2462532892"
"36.0630517763";"74.641443241"
"25.1114585566";"88.3493535072"
"28.5662177168";"94.6215835612"
"26.4924819579";"75.6840236304"
"22.9518205932";"77.2986683724"
"22.0271074362";"84.3175684483"
"27.6102161616";"96.222624318"
"22.0695101964";"86.6849273102"
"26.4278887639";"73.1524095492"
"13.934614879";"78.5115845326"
"23.9920669125";"86.8342705818"
"20.7641524837";"80.8934693071"
"13.0844933167";"78.6821767814"
"9.224902197";"78.2625634392"
"18.4813852653";"76.7328580774"
"19.4611747766";"84.4315951979"
"27.6552744754";"75.5726253661"
"20.078798911";"79.9685704207"
"34.7996582904";"77.3411255722"
"22.8682431555";"85.1495146987"
"20.9978847449";"78.9558742819"
"25.6097588033";"90.7778252972"
"34.211773974";"74.4959565055"
"21.3381872636";"77.421655573"
"25.5783224694";"72.4284776555"
"21.805034245";"79.7558948001"
"29.1830732248";"74.2585201344"
"26.6463402044";"93.9344431559"
"20.8171927069";"73.7869652379"
"21.6566970047";"72.2542463669"
"27.9615362534";"72.087501312"
"26.4325448066";"86.1806454158"
"27.93866251";"72.6742860234"
"20.042134501";"75.8710986697"
"34.1138521624";"78.3549514224"
"28.3051805481";"94.8147340271"
"24.0659276119";"70.585978587"
"19.2993581019";"77.7283192029"
"24.4390258051";"74.5987306563"
"22.2497595835";"74.5703649424"
"26.2554621023";"77.6081968889"
"22.0622259441";"77.2598443638"
"34.4206964726";"73.5407651298"
"13.8695039611";"76.2701775227"
"23.0088883723";"86.197868745"
"17.5390559487";"79.2116009834"
"28.1584220192";"77.0286737765"
"28.7134241594";"72.5412140323"
"19.4756715091";"73.2149743004"
"33.0265483849";"76.2431471622"
"28.1673268048";"76.2626245127"
"30.1358581535";"79.66815311"
"16.0178027394";"79.2397328968"
"15.0238220216";"79.8834316177"
"22.4717765477";"82.177557524"
"28.8466334289";"78.1544265165"
"34.1520549914";"76.2150760942"
"25.5426150772";"78.7658403712"
"17.9518356928";"74.0503515993"
"35.0474363636";"79.0299638932"
"14.3062073145";"75.4914558676"
"15.5849727178";"76.7189253125"
"34.4946353419";"77.9344183102"
"25.6876913526";"94.1187506439"
"26.3242245415";"89.3187647021"
"26.5703748542";"85.3167253929"
"18.7535351979";"76.5317379535"
"18.1876917741";"78.0801268869"
"30.3852120147";"79.3399557121"
"19.4397327953";"80.0400292248"
"17.9919778068";"81.3485992663"
"21.7092551581";"78.2519461599"
"27.6754147367";"76.1059040316"
"24.083090533";"88.6834777882"
"25.2170693596";"72.6326823797"
"35.2835304489";"74.261994979"
"23.110589857";"77.7994410591"
"21.8165080653";"81.0172610099"
"17.6173883034";"81.9048193475"
"17.0862563137";"77.0030424444"
"22.7730533486";"79.1080789567"
"25.0199172711";"82.0721501904"
"20.8012470061";"75.2465934015"
"15.1731546555";"75.6512776509"
"28.2666487608";"77.0333596076"
"23.0173942219";"83.6121624606"
"19.0839589604";"73.2143576226"
"14.7774027661";"77.1559962834"
"26.5262545097";"90.8612377886"
"23.4312146334";"68.831822382"
"22.0193084354";"82.1878379699"
"28.6475257401";"79.0797256093"
"33.2425236562";"78.9896006597"
"21.9603724981";"74.6729874754"
"23.4293978478";"69.3001902567"
"10.7400960967";"77.5967099815"
"22.0101243462";"81.594160366"
"15.5176342777";"76.978432759"
"34.3106187407";"73.9251573835"
"29.93770336";"75.8899150376"
"16.6337686683";"80.5826994506"
"28.1838307331";"76.3738158233"
"33.5662985773";"75.2052808665"
"23.0590673858";"81.352234824"
"27.6419785294";"96.2842196569"
"10.6690980621";"78.9298679821"
"34.722683461";"78.2951965504"
"17.0460180901";"80.5140550391"
"34.8136007316";"74.9418295164"
"25.1058844605";"76.9575085504"
"20.1604379442";"74.3705276347"
"13.738203394";"75.779367068"
"24.9368349676";"76.283505849"
"26.0600809075";"91.6351347143"
"27.7368818509";"72.8138102596"
"26.1705078672";"75.9324154046"
"26.2834706239";"93.3675401713"
"30.132248008";"76.534809764"
"8.3268206174";"77.1201971022"
"34.6033046039";"77.2141567242"
"19.793878514";"80.1418746583"
"30.0525450398";"77.4604280335"
"13.923718005";"75.9060981961"
"18.7325789307";"74.984068931"
"16.5656960517";"74.7878733013"
"18.8936024476";"79.6074876881"
"22.0234553163";"73.1588691358"
"35.5726349027";"76.4975936014"
"21.0075128276";"79.5176185977"
"20.2091095314";"73.4307205884"
"26.8943761185";"71.4816057711"
"14.0927012209";"76.3396017609"
"28.3456546856";"72.305777607"
"18.7891122139";"82.5756389425"
"33.2806613072";"74.8642379271"
"8.8040709278";"76.7983226083"
"30.7837471947";"78.921370409"
"14.3929183917";"79.4320156917"
"26.5432921863";"73.0368280969"
"20.3174666606";"80.4198586517"
"16.7589526783";"77.848304978"
"17.5913580043";"82.8535938517"
"20.1849913045";"77.9353184463"
"36.3278472053";"73.6926975577"
"27.1843828195";"70.8810932207"
"24.6903243884";"82.9877486365"
"16.9633752025";"78.7870570539"
"24.3472319987";"84.2296663541"
"26.0221882068";"94.3312200546"
"11.8144779451";"79.3152867464"
"36.4631824428";"75.3954559211"
"27.9882365907";"88.7538559918"
"26.3406172677";"74.3616446025"
"28.6179954277";"95.9419425761"
"10.5250604407";"77.4884816167"
"27.4837579238";"71.1551668688"
"34.0994841851";"78.5606901703"
"17.5187671642";"73.889264947"
"24.0734607821";"86.1862623371"
"19.3875298423";"75.6534138847"
"27.7310253615";"71.7487215541"
"27.0904909285";"71.9008341724"
"22.3882079075";"81.8312211223"
"26.5560896364";"74.5098726687"
"23.7716614258";"69.8409385192"
"28.0228181998";"94.4481019756"
"28.205989293";"94.4591429189"
"21.6433040355";"80.866633537"
"26.5860101345";"80.0586179138"
"27.5495177705";"71.7575252951"
"21.6108729492";"70.001074406"
"25.3355614403";"72.0987537191"
"19.9766240136";"83.2556164981"
"25.8787488661";"93.6475195241"
"21.5630049146";"85.2211917453"
"35.7203131872";"78.7409731399"
"21.9866485882";"83.3706712068"
"22.1778707715";"83.8533117007"
"19.7672276173";"85.1999075687"
"8.7019864626";"77.3563414182"
"19.5964068768";"77.2690314845"
"26.2073744909";"92.5119105726"
"25.4661844957";"85.6300771035"
"27.2821282161";"74.6871499059"
"28.1553150438";"95.6556781604"
"21.6700567532";"79.9296509978"
"26.5244341139";"84.8495920682"
"23.0985660778";"69.792715828"
"17.5502329685";"79.2492288524"
"26.9177978863";"80.5363368921"
"26.7818801681";"70.9267400449"
"30.5988714431";"78.8847477732"
"23.7441245288";"73.4412623236"
"23.6920504269";"79.7278883341"
"9.1770139247";"92.7506665813"
"33.746308622";"75.2443340419"
"21.2717816371";"79.5688620207"
"25.9028512049";"79.0415871911"
"27.5486848759";"95.113136671"
"33.7158189034";"75.001856144"
"16.5635802268";"79.8271068277"
"20.7964329806";"81.34343748"
"23.6490612948";"83.2837044193"
"20.1454833958";"84.7450064527"
"26.2538905697";"83.7359441829"
"23.3985352514";"91.575565453"
"26.5542904654";"77.7920565551"
"14.3102892575";"76.130603268"
"24.1647101091";"74.6620305233"
"16.0411134882";"80.4979411811"
"21.1667679184";"83.9232562296"
"12.2930448869";"78.2515010372"
"21.8782765041";"88.7414155462"
"22.1381832939";"76.3408708259"
"35.5280007117";"77.440605625"
"22.7304568902";"71.7399346456"
"19.2734432142";"78.9520244022"
"25.8824896565";"91.468780568"
"26.8322728607";"71.7300474492"
"26.590728407";"75.5008666382"
"15.996278437";"74.4532838746"
"18.3331313337";"83.049246912"
"36.5867957375";"73.9353402619"
"21.3740341548";"77.2178841333"
"9.319182138";"76.4244296823"
"25.5627445351";"93.0847336682"
"14.2669303257";"75.5131702119"
"16.6898931334";"76.168633406"
"27.9865625618";"77.2798435793"
"26.0765589601";"86.751810222"
"10.8026281831";"76.5463523817"
"34.9099412897";"79.3275557529"
"19.4224072301";"73.1270562149"
"21.4008634064";"75.6798969149"
"21.9535809768";"75.7777318866"
"26.041981608";"87.3995001669"
"14.6260252682";"78.0446032231"
"10.9542845422";"77.0201165982"
"19.5374088654";"83.442757006"
"34.5637863823";"77.2752440125"
"30.7428032027";"75.9082138455"
"22.4541322005";"71.387813841"
"24.1975115732";"76.8131387663"
"26.6185541119";"80.1103284486"
"24.2234298445";"71.2675190443"
"19.5143961177";"80.9649877363"
"27.5850352084";"70.7224080648"
"35.0343011788";"79.0886926979"
"21.2980288867";"69.9877122099"
"17.8684301554";"78.8180116714"
"25.3744377515";"78.4181069457"
"25.3058284404";"92.3537851771"
"28.6904148336";"78.3441992106"
"25.2888223053";"81.9027206852"
"22.1428636531";"81.4134024988"
"32.936156917";"77.0362439194"
"18.4476938486";"78.5059724828"
"29.0650749029";"76.1479268947"
"18.4741406314";"76.5987295954"
"12.6036653752";"75.8042050208"
"17.681924674";"79.6473304358"
"26.7968165618";"82.3385301514"
"26.2917688658";"82.5579543783"
"19.8867469625";"85.2724054938"
"27.7900221537";"78.2135821427"
"23.6389473426";"93.1009392836"
"18.4087557207";"78.7476816348"
"23.3263281607";"75.8973784562"
"33.1539109441";"74.9977478519"
"27.2140074199";"84.5566634576"
"28.4903844907";"80.3322123534"
"33.6276623859";"75.8805215406"
"20.3291057702";"82.8795646993"
"20.1024608951";"74.0297267015"
"10.9410809507";"78.0921241601"
"21.3351321641";"80.0883791676"
"28.1837896019";"80.4243834547"
"16.987906948";"77.3036607037"
"30.6399934021";"74.3420698161"
"23.1703231385";"81.4107761423"
"30.3789228351";"78.9051677037"
"20.2938445716";"83.4205831648"
"19.0934014993";"81.2143626081"
"26.9924342983";"94.5851160637"
"28.6765098381";"75.694693895"
"24.980533173";"85.5237324903"
"27.8594610024";"92.8043377116"
"12.1871331056";"75.213396901"
"26.9486141651";"76.109143531"
"20.5163587972";"85.1420752469"
"12.1008685745";"77.3536302512"
"22.6527830387";"83.9171300782"
"24.7258193539";"83.2205387435"
"11.380262413";"76.8150942242"
"33.0334474254";"75.7376414479"
"23.0328022173";"86.9421249298"
"25.0334083669";"86.6796023128"
"13.4897271908";"75.2947594316"
"35.2642997752";"77.2942851391"
"25.8617894278";"78.283775661"
"17.2245359457";"77.0377721903"
"19.8501514236";"82.501046549"
"16.3434294444";"79.1108380321"
"35.0338930693";"77.3598699415"
"36.9815522853";"75.2069459367"
"34.0399183295";"77.2578109602"
"24.414860572";"74.254139187"
"32.8929051633";"75.8205597951"
"21.5663628344";"77.0362309249"
"14.9715501043";"78.6843054555"
"29.4830076488";"75.5138723083"
"25.9565773738";"80.2445791484"
"20.9362788956";"79.5124216824"
"18.5353987723";"76.0027991661"
"14.9565696919";"74.7497250396"
"26.5721613571";"92.6292535618"
"23.5623286574";"86.8854584495"
"19.8365822118";"80.7083166244"
"36.17425544";"75.3456641696"
"28.7413240895";"75.9201440755"
"22.0089263368";"71.7802385622"
"25.8718960517";"80.6863612243"
"21.7223358949";"83.1926376292"
"13.2499249978";"74.7870683382"
"26.8874883541";"72.4110140826"
"26.524730064";"92.1225535222"
"22.0380610842";"75.7332094244"
"16.2433321199";"78.4263455625"
"19.4658866506";"76.047152027"
"33.61673048";"73.9316677699"
"19.3826656959";"75.0386933492"
"22.6007829306";"72.3354125403"
"21.5843248934";"81.9673756075"
"15.7578115267";"74.8428403767"
"29.5730801649";"73.4677867647"
"31.907527798";"77.2362608301"
"25.2882665534";"94.3159143828"
"26.1097769174";"77.8385285632"
"21.2083076488";"74.6408231655"
"27.4496966794";"95.2750080242"
"20.1409038913";"79.9496880745"
"21.1199214664";"81.6036416308"
"29.6361978774";"75.4926881313"
"27.3729532256";"71.0745945391"
"28.8541488201";"76.6378508567"
"24.8738906054";"80.5000216542"
"20.9506285826";"85.6922674741"
"17.0009783489";"77.9885790767"
"25.0243683875";"88.3786889834"
"31.9444623172";"75.2915875726"
"24.2782788731";"79.1487565618"
"19.063728337";"79.3988671431"
"23.8752786177";"92.527181283"
"24.5719643511";"94.0210910086"
"19.9239746289";"73.0975683636"
"27.5324854302";"77.7589028288"
"15.7549643239";"75.2285643031"
"12.2205863212";"76.4749192865"
"13.7255209407";"76.4057377752"
"24.1681763975";"78.0333304336"
"19.4822273012";"73.0653300471"
"16.1961003842";"81.1162100025"
"12.4896230601";"78.2513809662"
"30.5942227307";"77.5480927577"
"27.3283431941";"92.2329713877"
"22.4085532826";"88.5060571294"
"22.6001763556";"83.5419931453"
"20.5895189092";"83.0170220544"
"22.3145596678";"81.7714321333"
"23.9784739498";"88.2089559739"
"24.574919979";"73.4103764533"
"24.9069093803";"81.997111247"
"23.8298440262";"87.8098887339"
"19.1356866282";"76.9727092453"
"16.6855652556";"75.5996804533"
"21.4346775717";"79.1898969566"
"13.1599059654";"76.8060457085"
"22.7474706731";"84.074273182"
"27.7134362298";"72.6470867584"
"26.8003117083";"92.3786875744"
"22.8679507214";"78.4264278835"
"28.7412147992";"78.7860397592"
"24.2264094667";"88.0542245827"
"27.4676510104";"77.7643186684"
"27.0256694926";"95.8426894718"
"30.5222586196";"78.7960359847"
"36.1558490729";"74.9682279396"
"27.4453475422";"83.6305491547"
"20.9771393336";"83.7558014793"
"27.7940435451";"82.0698674311"
"28.0020877961";"74.0570875952"
"20.9700937463";"79.0554302895"
"20.600792314";"82.1341735599"
"28.2459537294";"79.6779879938"
"33.2793291643";"75.6788139442"
"16.0620016793";"79.5556479598"
"26.0326160242";"78.4225713515"
"28.9105650043";"95.8445325616"
"27.5348914437";"71.4312128559"
"27.0597404714";"76.3305034216"
"33.4443453824";"77.9711259506"
"20.4960332602";"80.9633074669"
"24.0846183038";"76.4273251954"
"32.4972122869";"76.4685143022"
"22.174498675";"83.6118987497"
"19.7861298278";"77.6261084397"
"24.3091341484";"86.8721067755"
"33.9500597784";"78.8348772418"
"16.5965093997";"75.9539429383"
"23.3091119708";"82.9711873831"
"35.2984648369";"76.5665295975"
"10.8165439038";"78.7718434001"
"24.685072027";"75.2483934307"
"12.0333667885";"76.7724709399"
"20.4536705021";"85.3641014453"
"28.0645141529";"95.8900747328"
"22.454487151";"85.8366718248"
"24.9929216471";"72.9942382586"
"21.9605175151";"74.353515798"
"23.5303977614";"75.0935124908"
"23.3999683378";"76.9675002977"
"24.7273462064";"76.5870130494"
"27.0518217983";"80.0628033857"
"14.3816165234";"78.4137993546"
"29.00332037";"76.3325873434"
"29.8275452139";"78.8419036026"
"18.0354519931";"77.4962698949"
"26.2394977963";"90.1454288562"
"19.6742485546";"83.5230325379"
"11.4631580599";"92.6721392978"
"27.3736624258";"96.2741437808"
"16.5809566117";"76.4104090068"
"24.1384867164";"85.345484443"
"20.4471684306";"76.8675353418"
"19.8211764573";"76.5563063678"
"21.0967427884";"80.5025080269"
"29.1263251271";"76.1348204583"
"25.3284035276";"71.9372513801"
"27.1612184437";"84.4167052915"
"31.1879208066";"74.7944171148"
"26.5765916997";"74.8461989839"
"10.5533942819";"78.8317615313"
"27.4449276001";"81.7149174757"
"25.4243445039";"85.540207892"
"14.4687738897";"79.999676394"
"24.3195057388";"72.7194298748"
"22.8585376558";"76.2710920936"
"26.89838412";"76.0092182137"
"34.1400828398";"78.5743320684"
"26.4979159271";"84.6465840204"
"18.5097289841";"76.3925075655"
"21.9370189318";"86.0118216968"
"28.0905798489";"72.6170612252"
"29.8844788675";"73.8579431672"
"17.5516280734";"76.115822852"
"22.4154737722";"72.6873916592"
"18.7147336266";"75.3967703216"
"26.6022180486";"78.6654874725"
"23.3068091377";"92.9234488229"
"19.3710265112";"80.4832152552"
"36.276765435";"72.8496805147"
"26.6059813851";"83.3880705096"
"24.0972184939";"71.5512467587"
"23.8098293893";"77.3380156039"
"21.7325317323";"77.7185106669"
"21.5940391734";"75.7376567124"
"27.884202643";"96.6552184264"
"17.3967959949";"78.7321660634"
"15.602002623";"74.6700518543"
"12.6822962598";"77.5000589172"
"10.6838112698";"76.3628432345"
"28.7544418077";"96.2115811053"
"24.9750563526";"73.7251108903"
"24.011798866";"81.9591536718"
"28.1529738398";"75.4625340264"
"30.5047851429";"76.6352762325"
"34.1848245044";"78.1950440087"
"21.6246128432";"88.3124058778"
"32.6572405381";"78.3933974364"
"23.9067435109";"86.338057174"
"10.2937219377";"77.7015048393"
"19.069330891";"80.3606218132"
"24.7667097764";"76.8938731524"
"25.6056760498";"72.2485631495"
"24.3110440263";"85.8862622584"
"28.0124953035";"95.0122955935"
"32.0778845174";"75.9350868735"
"16.1179344346";"78.0306902741"
"25.2170071055";"90.4887484125"
"20.3322888051";"78.5554942125"
"25.6433377124";"77.2322319855"
"23.8842736925";"81.2441828835"
"14.7849644297";"78.0802729665"
"22.4582563457";"77.9677369582"
"27.6153901386";"76.1952548538"
"24.0803128759";"70.2949272094"
"26.0828418569";"72.5436862592"
"27.5177995849";"88.6070780996"
"15.4237031474";"74.0091689207"
"23.7411973542";"91.2333283941"
"25.5695481185";"86.4904339966"
"21.3494435358";"78.8138515812"
"16.6117386865";"78.4364435644"
"20.9594113723";"79.1228318269"
"20.5085997751";"80.8192858547"
"33.8901959267";"73.6088177116"
"26.4873399682";"86.4444976762"
"26.3224528974";"92.9457578266"
"28.6421265105";"79.2038240096"
"20.333907595";"76.6107968432"
"23.2571602049";"69.0611345362"
"17.9028502555";"75.4159847011"
"20.0346884615";"73.3852135416"
"14.1451342657";"79.3343830668"
"21.4784213413";"74.6497669675"
"29.2996210434";"75.7009244653"
"25.1684264111";"71.3882821896"
"19.264099356";"79.0296564863"
"24.4924960592";"86.3494261138"
"25.903999999";"84.5540242741"
"22.6630244351";"75.1361618505"
"33.9837953373";"76.8348356249"
"28.0062883925";"88.4762293165"
"30.9214393299";"78.174135078"
"27.0812007821";"80.4741401941"
"9.4992567126";"76.893222318"
"16.6198853026";"77.4643642372"
"14.2629122801";"74.9486061487"
"25.4482749681";"85.6253075949"
"29.4575832903";"76.0300096356"
"11.9034746071";"76.6981411244"
"27.6464126623";"96.7979091767"
"27.1926121419";"95.1984508862"
"26.1674630229";"77.5698932705"
"17.4805044407";"78.2128101809"
"22.0171409789";"71.6333492758"
"33.5004540483";"75.2721063945"
"27.4983082113";"77.5823611234"
"26.4620952243";"81.7807370106"
"24.8285107761";"93.4202656975"
"21.3149869243";"84.1437553352"
"21.571514673";"86.5377178689"
"29.2160385362";"75.5429405379"
"26.6607675148";"75.3265977251"
"23.2287819663";"80.5255623589"
"26.3237357311";"94.4796584631"
"28.1600184674";"94.3337742919"
"26.8250843777";"72.9095796767"
"25.4136603643";"81.1384653361"
"31.2866506956";"75.5215571541"
"22.2633987986";"80.0389072182"
"16.2961546849";"74.766929916"
"12.7277601675";"78.4235333568"
"23.7962508406";"79.7140826503"
"35.6396641576";"74.8770904997"
"24.663815504";"77.1804408143"
"23.0352692213";"87.1324241645"
"17.7631473502";"75.3126382397"
"23.7112358013";"78.1702103616"
"28.3008755274";"96.2540656739"
"20.8836017754";"76.0473891564"
"19.9514684859";"75.9544568949"
"20.679521025";"81.2971813425"
"30.6661287616";"77.730997507"
"34.424674057";"76.1884163326"
"21.4554890618";"73.163075617"
"21.2293503425";"80.1172998577"
"28.2494769705";"96.9458553083"
"31.3057342226";"77.1258856419"
"22.1145902598";"70.9137623345"
"30.1737837572";"75.1336826307"
"28.2031895241";"77.1606221819"
"12.2742717806";"78.8819256492"
"22.507794832";"74.976443718"
"25.3744291442";"82.9204001124"
"23.2657119753";"70.9907706014"
"11.2302712024";"78.9700383114"
"19.4025456732";"76.2611301045"
"10.943937498";"78.3763910592"
"15.8533501242";"78.4422490022"
"16.7149380173";"81.6640882126"
"9.5615780224";"77.4897360493"
"19.3674535386";"76.0961242198"
"25.2022454798";"85.4666800724"
"28.8826746484";"77.2310019126"
"22.8442433224";"70.6956313432"
"33.0459528747";"75.202873681"
"30.6557691175";"76.085639955"
"12.0449864883";"77.4795087771"
"23.640469127";"85.5206339457"
"24.3107974949";"76.6233782314"
"8.4808050132";"77.2915626225"
"24.5321844016";"82.8054826109"
"28.1090190459";"81.4362170744"
"30.7228816162";"74.3387898537"
"27.4026740605";"79.4055132815"
"25.3993471463";"81.269210518"
"9.3621780906";"78.8047604419"
"18.2471477736";"74.3084212847"
"21.2751671882";"82.5783471772"
"27.100665951";"80.680236421"
"23.0484716968";"86.1232361795"
"16.545481997";"79.2420953861"
"26.8271713826";"74.3819614948"
"18.4906973371";"82.3294425875"
"31.9028294516";"77.8788193232"
"17.1932068499";"76.3681364666"
"13.7314469425";"76.7675623442"
"20.4251535888";"82.2161893729"
"32.8919269261";"74.7789181982"
"32.9426065101";"77.012876878"
"12.8713429506";"76.2579728642"
"22.7168539708";"77.0716697335"
"27.0502427559";"94.1387189551"
"20.4898424767";"78.2848314223"
"35.4411585272";"78.2578675234"
"16.0502001008";"79.4066214122"
"17.9720946322";"80.8111166715"
"10.1138556627";"78.8249411767"
"9.4539491897";"77.9972266211"
"20.2972645702";"79.7534908582"
"17.1409686653";"81.7057948995"
"24.8892451148";"76.0446444304"
"33.8134684575";"76.8484769978"
"26.7007236992";"84.4579542171"
"33.1160525803";"73.96368505"
"26.71253928";"79.0460740227"
"23.8342933379";"91.6747972573"
"27.6172238651";"96.1859975573"
"22.4549555148";"75.1947398328"
"20.2460470103";"80.9102918947"
"10.1182838668";"78.7053088173"
"30.3182827155";"80.2308263375"
"27.4781314117";"95.4681891582"
"15.8666577803";"78.8767980611"
"24.5984427683";"86.4330572462"
"22.6316353744";"76.5843247492"
"26.6018395108";"81.7426762981"
"23.494680566";"82.5817425008"
"11.9183371052";"78.6963846403"
"23.4703278777";"82.9530883036"
"16.7610283025";"82.1932863457"
"24.956482573";"87.5461020039"
"22.5012908483";"82.9528884932"
"18.5158647816";"77.1974253856"
"26.2816000263";"77.840832632"
"23.0912382082";"72.7766016765"
"10.6472941848";"78.6002952571"
"27.6152856045";"74.530500636"
"27.5216760627";"72.8814064047"
"28.9905195484";"75.9851400537"
"26.2225307076";"83.8186762368"
"18.4908501333";"83.3110226557"
"20.2135386512";"84.255526885"
"27.6000776525";"81.5782782543"
"25.6986570693";"72.9406084821"
"33.4166333331";"73.6466002098"
"32.3472548759";"75.7544214228"
"20.0296087274";"81.7506888907"
"27.5362578656";"71.794338915"
"22.0818973509";"74.3737329344"
"12.8176626273";"75.921345999"
"17.573206372";"78.9551073929"
"34.5066757649";"79.6655257663"
"17.5348852807";"75.3661997802"
"27.30172221";"75.4399009178"
"27.8596983207";"95.0906078282"
"12.4795445572";"76.3316749061"
"22.2513391";"73.7310640783"
"19.5969337024";"84.0353264913"
"28.337417281";"72.3529137071"
"23.8180150837";"82.3208356679"
"35.7010847708";"79.4938987837"
"27.8073419386";"72.7642681236"
"32.5771675154";"77.7141073893"
"26.5395237511";"79.2987102777"
"28.204804969";"75.4842930671"
"33.320063351";"73.746799168"
"13.9982478888";"74.6082375252"
"26.9532401899";"70.7588503087"
"20.1463922256";"84.4888058791"
"21.1718690672";"77.9599329132"
"28.0973418214";"77.763779874"
"31.6227460857";"76.6147882479"
"27.6058422459";"77.6727433964"
"22.498368567";"81.9913381688"
"26.1748259235";"94.8815991655"
"21.3538481954";"81.6355456744"
"17.3937503454";"82.5284145816"
"26.6604730698";"95.1515718435"
"23.3031397966";"73.8414672273"
"20.5134248204";"79.1427721905"
"15.2366129187";"74.5662652731"
"17.0553946169";"77.1949164248"
"24.0691633316";"87.4136848552"
"27.8510176553";"78.9686246893"
"22.8710115859";"86.3990107669"
"29.2184072546";"74.1551680089"
"28.6691284109";"79.3177174361"
"22.0181673398";"84.7559698373"
"33.187158639";"76.8492251903"
"29.459797715";"79.3626648184"
"25.8574215136";"91.8777148487"
"32.8959162442";"76.4299947875"
"20.0206807087";"84.4852400059"
"22.3031055019";"69.8801346676"
"11.1721498149";"79.8056537768"
"19.7897138665";"82.6575978213"
"14.9434562966";"74.7062498248"
"13.8153797258";"75.3066714043"
"12.2576187078";"77.9444431106"
"10.7953234685";"77.3781220807"
"23.7760181623";"80.3427385923"
"34.0166242144";"76.3651459397"
"26.3460026936";"74.0394418536"
"24.2859840679";"75.7595608973"
"9.5125333756";"77.5136514927"
"35.6790520691";"75.628529442"
"25.3084617259";"71.76935013"
"27.7811261043";"94.6691699101"
"30.359473111";"76.2233914811"
"35.3843145919";"78.6840608842"
"19.7775072412";"84.4283813851"
"26.7858700682";"77.615852757"
"34.2770451399";"77.9340218756"
"23.0416891148";"76.5341489615"
"15.857253501";"74.1406953555"
"25.5786535059";"76.938235143"
"21.0285622355";"77.4219788828"
"12.1738699243";"79.8006856914"
"20.513162678";"78.1930845948"
"19.2436168264";"80.6246550548"
"26.908077124";"82.1362983544"
"19.0345339688";"73.0812504002"
"16.2897613718";"81.1301817017"
"21.1976424999";"71.627735715"
"22.4325457382";"75.9396125513"
"18.9252068099";"74.1228734587"
"11.7033819826";"78.3797822564"
"23.2643113632";"77.9033078886"
"18.6473177775";"74.109053293"
"18.5101451451";"74.1928143181"
"25.8314828015";"79.0035511515"
"22.988216593";"74.6053748613"
"16.7511212191";"76.7268662984"
"29.3402166312";"77.1190935528"
"25.5728380465";"93.1739361554"
"16.8311775421";"77.5862533169"
"19.0109398201";"84.0930401171"
"25.0775655969";"85.4388832132"
"24.3818244551";"93.3967423225"
"30.304812771";"75.066476128"
"23.7846294073";"86.1097330314"
"20.5670504845";"79.4444943155"
"28.8917930753";"76.7609838803"
"26.7871422746";"84.9551267402"
"15.6129945673";"77.9779311098"
"18.1735447279";"77.2603211422"
"18.6236298561";"80.8813555823"
"19.2120134314";"73.0725262107"
"22.9148312065";"79.800737406"
"23.6864583866";"70.3038255891"
"32.1343699568";"78.4726694557"
"25.9151939835";"90.8243809119"
"22.0791254752";"78.7793824161"
"29.4239074387";"75.9992865539"
"19.5253998005";"73.2012424717"
"33.9588789777";"77.5530928777"
"11.2982257653";"77.8732578324"
"19.3078001226";"77.6031307013"
"24.3981581172";"94.2767450997"
"20.9698355989";"70.3454586174"
"15.6459516127";"77.1146427387"
"26.8618885358";"91.9167072315"
"26.1371722402";"71.2528951928"
"19.1817233525";"84.1330358156"
"20.3686409096";"83.9652328472"
"25.8701443676";"94.7685871326"
"30.7588490059";"79.0129157879"
"25.5411640011";"88.1724634793"
"28.712906154";"94.1983628104"
"34.1555776872";"74.6936418444"
"25.8186764359";"92.4970191809"
"18.8129272183";"77.4678414832"
"32.999259917";"76.8221803828"
"18.3277532465";"81.4845176009"
"26.0869663536";"73.4768412748"
"27.9748106234";"80.3318703942"
"15.9361495882";"78.1108332905"
"21.7240006133";"70.2931931701"
"26.0579149242";"78.8771018672"
"24.7370928267";"93.652110571"
"22.6782368594";"85.3147230417"
"19.5159207648";"74.9752616315"
"21.0079694651";"75.6375180496"
"22.2843913206";"81.7955435898"
"27.9474901808";"92.9643995786"
"15.9764773518";"76.3578534445"
"25.8469823854";"73.753382003"
"25.5168043727";"80.3287999057"
"21.810124993";"85.7249441423"
"20.0244991895";"85.9515071574"
"14.2064137973";"74.6420910316"
"24.7760450605";"75.5248555212"
"22.625109864";"82.1760548577"
"30.8506622998";"77.2391401459"
"21.8780407252";"74.3191594563"
"25.9393987691";"81.2069911779"
"30.2093222138";"78.5163889887"
"10.0171475765";"76.3309414967"
"17.7229095504";"73.2911460309"
"22.5700039684";"84.4939772607"
"14.5791191438";"78.8749360526"
"24.0126211004";"88.2492719631"
"22.4160712809";"77.6774959364"
"25.8413854698";"75.1549775229"
"21.2681223954";"78.202914717"
"21.2914932803";"82.6352238087"
"19.7944668771";"77.9860010443"
"10.9737907842";"79.2346873054"
"15.3704704425";"78.2418550954"
"28.5650512798";"72.977007364"
"23.8109375768";"82.6554442576"
"30.6814714564";"79.2834277284"
"18.3349862482";"81.9806532312"
"24.0879656458";"72.9642523064"
"28.0971893527";"75.5058651442"
"21.6857540032";"81.9916067927"
"24.0140245361";"74.2831719709"
"21.9830323378";"71.1672826914"
"22.7907362933";"88.9371748469"
"19.3291435644";"82.1048798961"
"26.4929865997";"85.8054499405"
"14.3978887815";"77.1458829029"
"18.8729587021";"78.7544492651"
"33.95655367";"74.3731362714"
"25.9256526671";"91.3371906586"
"22.3108100337";"75.0262409761"
"30.6091915426";"79.701487216"
"21.037329339";"78.2967533664"
"25.8288253401";"76.4483438811"
"20.645327163";"73.3118189205"
"20.5793019267";"83.6879001893"
"26.5722315111";"79.6228681488"
"24.9161419398";"71.0553670378"
"9.3199800482";"76.9100551963"
"19.3778600748";"80.3099292871"
"22.6567668151";"80.580641446"
"27.6285639761";"81.2837143286"
"12.8335684432";"76.5897812724"
"17.5380891289";"75.2930924513"
"21.5898937475";"70.9167630259"
"24.3253212831";"81.2984841532"
"10.8379574069";"77.5018403721"
"11.9974020631";"76.3457636143"
"19.8226669973";"80.5100267659"
"14.8917977092";"77.3113006104"
"19.0173360214";"81.8581662077"
"12.6780369568";"75.8511400822"
"35.0099848899";"77.1234776646"
"34.1275026489";"74.3291953892"
"10.0975657095";"76.3955943864"
"18.1750299006";"74.1690762936"
"22.6849866426";"77.2649004603"
"14.8445318396";"76.7884746315"
"26.4961469605";"88.9732271559"
"13.4666714596";"79.6124263598"
"23.649819269";"75.5625517633"
"25.993871634";"74.7211925156"
"24.3915281385";"71.8634462362"
"10.6274237145";"77.8208368084"
"21.8331295432";"86.0072055585"
"19.9844360476";"74.5944195853"
"23.3637228512";"84.6083633901"
"22.5957377658";"78.0409967536"
"12.8815444376";"77.1510630207"
"26.470065103";"74.0204359464"
"14.4058274743";"79.9577570241"
"36.3897520626";"75.6549064609"
"24.84396192";"85.7913837278"
"30.1846173529";"77.2535485743"
"18.3405907604";"82.1774600073"
"25.5495399738";"82.4525710335"
"26.4435360594";"89.269695709"
"23.3275552518";"74.3568279914"
"22.5101224074";"70.2187196262"
"13.7650394045";"76.7805291726"
"20.3445792427";"85.2205082216"
"17.3641740745";"78.3573035018"
"26.9427576443";"70.3443824183"
"36.5970742233";"74.0519552777"
"18.9549504452";"73.2733116653"
"17.4042992256";"74.1708787685"
"34.9228772077";"77.2488781253"
"22.6062280395";"73.8075524181"
"33.7166960779";"77.996807799"
"23.7765416601";"76.0144177126"
"35.0241972288";"77.7897266919"
"18.2487622883";"76.0172303939"
"17.7780874932";"76.8101304138"
"21.3346248288";"71.6990810909"
"25.1814641439";"82.0504248975"
"20.8596571545";"79.9410338426"
"26.0606394206";"76.8768027163"
"17.4825776654";"81.9903102476"
"25.7772417846";"86.4617029405"
"13.5648726266";"78.2071247015"
"17.5577167197";"82.4043379244"
"8.3523769297";"77.8043518597"
"33.9747779992";"77.39358737"
"12.6790160462";"75.8854250377"
"24.8773327398";"93.3734621027"
"19.7094825662";"80.2623401325"
"25.503046878";"83.0593161433"
"29.3487505233";"79.5288320682"
"26.3753884127";"90.3986803685"
"24.6841688818";"75.8394176518"
"22.3149580906";"81.008616117"
"10.9753255967";"77.8477702024"
"27.6230869175";"79.639394418"
"23.6640789224";"71.623483684"
"21.0736484628";"74.9865048368"
"35.1191237714";"78.7026412557"
"20.0485673467";"73.3335192049"
"28.8821030005";"94.2720204537"
"11.1393789302";"79.3366223058"
"16.844164725";"78.2454893448"
"24.011157787";"74.7896923057"
"19.972370791";"75.7268732408"
"28.0355250727";"73.3705827804"
"26.1705629465";"70.3805898189"
"30.2357563496";"75.3722827955"
"27.6031950823";"95.1115134471"
"28.3961742463";"94.4106476936"
"27.4941248634";"78.6059880597"
"23.4882412972";"70.3379105904"
"28.148601516";"78.0318795978"
"23.5512032753";"74.5694376873"
"23.1776734864";"81.7498463411"
"24.9137162405";"87.056730434"
"26.6670796347";"72.8789513757"
"27.8807887112";"73.9340294006"
"23.3511222389";"80.1408462637"
"24.2361122014";"78.6796955709"
"19.4410579339";"78.231677843"
"24.5704255136";"74.8831449042"
"16.2974646948";"74.5311480773"
"15.0278458201";"74.7993872485"
"17.8214390466";"79.7313250745"
"18.4431656426";"74.1117241607"
"25.5012572024";"79.6958428163"
"20.077068909";"81.2092570331"
"16.0489147984";"78.0530327497"
"25.5447407134";"74.6422588259"
"30.8350437551";"79.2009418363"
"13.913714965";"79.8962833815"
"21.9504549213";"85.4991460471"
"26.3655269516";"80.4575494757"
"32.554957838";"79.4249360145"
"21.2373718833";"82.9666670211"
"17.6320689577";"80.7747160285"
"26.6348813709";"72.321669213"
"22.4622896345";"72.3335672561"
"15.6820486497";"77.271077517"
"14.8287566409";"79.5163882902"
"26.6972870432";"76.3292648305"
"21.3800744009";"74.1373617537"
"20.2494778309";"75.9422584881"
"17.7660720409";"76.1572038731"
"17.982532099";"75.2426083741"
"21.0034094392";"76.0564921943"
"9.2057819845";"78.4828705204"
"28.1298349167";"92.9211177068"
"34.6609822579";"77.0210425105"
"25.0171363193";"78.73283807"
"34.320359052";"78.0027210296"
"17.1396448075";"74.772084817"
"33.4878985138";"77.8117560511"
"24.2753864106";"71.1506609277"
"34.9873622256";"79.3770263288"
"27.0767469455";"69.6041632712"
"16.1016192236";"78.864928839"
"23.7393153128";"85.0016358398"
"18.647465871";"77.6151936699"
"12.5475503483";"80.0180449964"
"36.1992049648";"75.6999003064"
"12.0658445533";"76.0661061433"
"13.8687819675";"79.5696230612"
"18.0973384367";"76.5287556433"
"24.7088694602";"87.183966935"
"26.9884465726";"75.1900815636"
"23.9125985175";"83.4164175567"
"32.1691849065";"77.6974847657"
"27.0338467823";"78.2533265039"
"16.792238822";"74.9194095775"
"18.5672093899";"75.9571844553"
"26.6492704811";"83.7967522874"
"16.285962361";"79.1630904811"
"24.2714327621";"76.5934413414"
"25.405037539";"76.79920559"
"12.578357415";"75.3914609458"
"10.3144028564";"79.112625841"
"27.1587061206";"71.108701585"
"21.1780322138";"84.9822085135"
"15.093651381";"77.0319264707"
"12.882254184";"76.4750396066"
"24.5797961972";"79.144393169"
"19.7699657546";"75.2597390703"
"9.9679004744";"78.149246959"
"26.7562674516";"92.1443502451"
"18.5061157989";"74.6671265341"
"34.5242585794";"78.2567505388"
"27.5989729503";"80.1771809548"
"26.6318323937";"83.0579923144"
"22.7399107802";"77.6742677588"
"27.774948357";"79.5419748508"
"26.7500605412";"82.3482516431"
"24.5747359569";"83.4062619643"
"21.9457947795";"87.3271210778"
"24.4679430061";"80.6422465189"
"27.1823303511";"82.3534993358"
"21.5629057772";"71.5621551897"
"23.5012657701";"73.6538067979"
"24.8302962397";"79.3087388839"
"13.3251495387";"76.5883488691"
"33.1529675857";"76.3230908943"
"19.2412071454";"83.127480103"
"13.3624552205";"80.33362219"
"26.2599030372";"91.5071451864"
"17.1140176437";"74.2720145463"
"17.0896237674";"73.3466617212"
"27.9936227788";"95.023124374"
"19.5192409453";"73.4050040633"
"33.0915982208";"75.2111791677"
"24.508786157";"76.6414458595"
"20.4837500328";"80.7378401422"
"24.8601374172";"87.7568060944"
"23.1631304554";"73.3973620983"
"23.9748824066";"77.5523321203"
"18.6482999136";"81.3605521323"
"21.7446899858";"83.0159381155"
"21.4342945977";"74.8657504573"
"23.783055894";"83.9481884986"
"29.217434717";"76.8678721705"
"27.453723587";"80.8369066808"
"30.109858226";"73.9578016293"
"19.5386322837";"80.5438554933"
"25.9432817251";"78.1685474929"
"26.7056274649";"72.0775219016"
"22.3537516801";"85.1144406489"
"33.5844223078";"74.0877600409"
"23.9276998751";"69.0424790988"
"27.2718810344";"76.0724140201"
"22.5357606571";"87.6312952366"
"17.2770155146";"75.4215423052"
"17.6113200339";"79.5848332534"
"30.1679159206";"80.4515372029"
"22.8666710097";"81.9648814688"
"20.0918811003";"76.753864475"
"21.6990541965";"83.2643610484"
"17.3435947925";"81.3637875434"
"20.9164668562";"79.7202658235"
"28.4200965886";"79.2281729949"
"26.9250994492";"82.4699475649"
"27.7883954287";"94.4082223753"
"29.4860457784";"74.479511587"
"27.8052162954";"93.4601084201"
"22.3637686409";"80.8977523487"
"31.3003968812";"76.71228295"
"8.597361463";"77.6442917185"
"20.6919801205";"77.871609751"
"20.0120747508";"86.2452867675"
"24.7446063671";"85.4298428193"
"27.1592480258";"77.3249436129"
"25.6293189642";"72.2434793005"
"14.8513421832";"75.7704495192"
"28.4912960777";"80.7821020613"
"25.9297602149";"79.2280354961"
"16.0455892864";"77.4266589414"
"25.6774634755";"79.665153585"
"23.9229974447";"87.7054474613"
"19.9278414404";"80.3543464858"
"20.2316257331";"75.9677018215"
"32.4564214007";"75.8825328488"
"26.4086831787";"85.7388605985"
"23.7109508659";"91.7230690347"
"29.7162640348";"74.8417008723"
"26.9452205795";"73.6748486185"
"17.3081723162";"77.5552268938"
"18.0284355789";"82.2803413183"
"18.4217353495";"75.6137270245"
"26.9610669288";"80.1637797082"
"21.3326128885";"83.4864079439"
"20.6409725722";"78.8257192128"
"17.3508673515";"81.6200529314"
"23.1517740376";"86.9647214089"
"30.9513143667";"75.685251985"
"21.8575195083";"83.5901624715"
"30.7106973206";"74.4805409601"
"22.1805180148";"71.2437193458"
"21.4812049423";"72.2248951092"
"33.300307077";"75.3942520441"
"29.135526142";"75.174283858"
"33.8471987046";"76.2929418895"
"16.9454486313";"76.0934803882"
"14.3726761036";"75.3867489448"
"34.9066690642";"75.248896948"
"18.6646702119";"76.3079405148"
"18.7497291068";"72.9402569059"
"26.0443317499";"77.8515746238"
"19.5829107696";"73.3048184087"
"20.9099998368";"76.2336805081"
"24.5587179586";"72.8103360931"
"22.1104145182";"86.4393553846"
"27.7411680432";"92.0942929558"
"19.6756673726";"81.093997716"
"21.5238753484";"82.3611351909"
"35.6791126661";"73.188878311"
"28.1874712817";"72.7878444879"
"17.9264882544";"83.4047759048"
"26.5569306983";"70.3811150505"
"34.7186271725";"77.3055462642"
"29.1343781713";"74.0622450353"
"18.2709585381";"76.2125634633"
"27.7228890934";"78.3601913797"
"26.9678800472";"93.4986835343"
"29.4295338836";"79.4415436005"
"22.251147083";"70.8951459516"
"14.3934623757";"74.8609245445"
"21.7045415466";"77.7575162887"
"14.0000636239";"78.6372924767"
"9.9639198974";"78.5168038472"
"26.1607150883";"91.9085053154"
"24.4221925733";"83.5856536441"
"26.3684099289";"90.1149893004"
"28.5677407306";"75.0182972419"
"27.5416403371";"74.7335837377"
"31.0654045665";"75.399861884"
"21.3682460614";"86.2298111763"
"9.239145726";"77.702794844"
"25.7951448575";"87.0657023659"
"11.1401348752";"77.0963025228"
"23.0382421319";"70.9444918829"
"27.4223796935";"88.6151600701"
"16.1212556004";"79.9241565912"
"26.0720736658";"75.3999096549"
"10.7944705315";"78.0593781049"
"13.9083664675";"76.3693182632"
"24.298530612";"71.5451722154"
"27.6348011122";"96.3276428674"
"29.5941957733";"77.7838592614"
"19.162286645";"72.7870384706"
"28.3287667152";"76.2890617897"
"23.330188485";"92.7476770512"
"31.182685873";"75.9742336627"
"19.8303329313";"81.6966480008"
"9.8054659643";"77.8113970449"
"18.4217601272";"81.1517724523"
"26.4025222602";"81.4887264686"
"30.0300297016";"73.7290801361"
"18.7782420711";"79.7506233648"
"18.0674436529";"78.3140913275"
"23.3028193456";"87.4132174246"
"24.2213178464";"80.0303685282"
"21.4892007983";"84.1637764237"
"33.2605190133";"74.1378886839"
"20.5594702456";"80.7503362703"
"18.3378994891";"82.8808894047"
"25.4316020851";"86.1035475949"
"19.8064037291";"80.6877753375"
"24.4064324611";"81.9682670568"
"22.1796777875";"86.0026259344"
"22.0290730141";"87.3223738007"
"31.2727938183";"74.7062640153"
"25.3825165459";"90.1142456816"
"29.4534396282";"75.0424497214"
"25.7780493736";"80.8267907639"
"13.1585697023";"77.8434187803"
"23.1948159243";"70.5383561961"
"22.4997067838";"75.8079667339"
"19.4885793961";"81.3151744362"
"23.7237529878";"82.9635600722"
"23.410571302";"80.783480903"
"27.5019804587";"88.6339112258"
"12.5970151605";"75.0388620412"
"16.999736013";"74.387663622"
"26.2496047637";"89.2747011659"
"16.5398524235";"77.4840200374"
"22.7719690496";"86.5661410444"
"22.5530260359";"70.0421238916"
"25.8582237015";"94.0408169344"
"19.0457971667";"79.751198863"
"22.1591453679";"86.064198318"
"23.4217749841";"83.2947440468"
"20.9176229564";"72.9856759831"
"24.4928220556";"75.2827896077"
"23.973421711";"91.867204996"
"10.0428380293";"77.9516076675"
"21.6619739093";"84.3160629417"
"22.100818828";"74.8532726863"
"11.952416732";"79.7702798263"
"34.127880129";"74.0605246724"
"14.2978428958";"76.1363687182"
"13.9054675027";"79.4619979243"
"31.7782558801";"75.0067155688"
"23.4168510937";"70.1819406095"
"18.3968729544";"73.0440038447"
"32.5392319151";"77.3097632792"
"20.7267191861";"76.6244657591"
"23.4880135908";"72.1005985015"
"26.9529502134";"72.580369159"
"9.651538639";"76.608282287"
"33.1746669751";"74.059167225"
"20.1091499054";"77.629260989"
"18.2926601748";"77.5194082302"
"28.2993780469";"94.1078425425"
"13.9775918741";"77.3676944488"
"9.0086391725";"77.6126855182"
"20.5376245179";"81.272201903"
"30.4037246499";"78.7113018608"
"31.0998762589";"75.6754667589"
"19.994699918";"84.0739741687"
"19.08651919";"74.5230393585"
"19.3488041759";"75.3556365283"
"20.3877205247";"84.1675176773"
"24.3695996942";"80.6194334359"
"18.8565588904";"81.2307053506"
"15.7561936554";"76.5666103225"
"14.1189176331";"76.7465892071"
"16.7467547171";"74.9930284494"
"29.8418087184";"75.9329931518"
"34.086023591";"76.3513611505"
"19.0543877712";"77.2958882619"
"12.7024317472";"80.0258275113"
"27.1476220784";"74.2331256571"
"27.2455618009";"93.5511180755"
"34.087507122";"77.545031888"
"26.7501734134";"80.9598341911"
"25.6482654358";"76.5347989912"
"21.4150998107";"82.8798964659"
"28.7601993774";"79.3061403149"
"10.482754706";"79.5939254699"
"12.9841623323";"78.4059155712"
"35.039248691";"77.3225260436"
"10.2369743733";"78.9367575205"
"21.0606004365";"86.4302062606"
"13.4929872282";"76.9440422267"
"25.5866319946";"86.663863855"
"30.771135865";"74.8236206168"
"13.3612186699";"79.303035414"
"30.9362807557";"75.3363655112"
"16.3853800019";"74.6310758875"
"27.6626142914";"76.5330592589"
"35.5503694213";"77.1947002281"
"28.4787809383";"77.4496129716"
"15.565363951";"73.9536983137"
"25.6668276101";"77.9129860075"
"22.9303311429";"69.1339035662"
"11.0048184412";"75.9127455015"
"34.6302211394";"76.559683461"
"18.736531943";"82.334672214"
"28.4856340295";"96.1654971256"
"19.1525860671";"73.4519981166"
"18.0058979544";"80.7645327456"
"31.7065111856";"74.6964749101"
"28.4029726336";"94.6855436224"
"29.569521671";"79.3683193234"
"21.0672512031";"85.7697347064"
"35.6665081672";"76.43939206"
"27.1002177589";"80.0167199418"
"16.4298100748";"73.8912203883"
"18.2342530884";"77.551908952"
"27.3225748376";"74.1362249085"
"14.9920286592";"79.6483593352"
"24.0531810047";"75.5087112452"
"26.1063625397";"77.0136643063"
"16.4196002176";"73.9798201899"
"28.2225870022";"95.8042335334"
"24.1154208238";"92.4053081139"
"27.6017261378";"94.5315315652"
"22.2830771934";"93.0358408799"
"25.6304736633";"92.4784593246"
"26.4750703208";"79.0884730385"
"28.8771454184";"96.4074969784"
"14.2520455094";"76.0680058951"
"18.5089468082";"81.5817662313"
"29.562171739";"73.3890161973"
"20.8691169795";"76.6039380417"
"21.9853618386";"84.3205389956"
"14.8298605822";"75.8191913253"
"23.4290045353";"74.9314315198"
"25.5904191649";"76.9945829391"
"20.5138151824";"85.1697720747"
"33.2404780462";"77.9693850926"
"34.8577590429";"78.9026712369"
"17.0400123234";"76.5776811223"
"22.3712550391";"85.6514591354"
"8.8693989829";"77.3522881136"
"22.4679490063";"82.5640813479"
"25.5981565949";"93.0637418784"
"20.0375465258";"81.1008492616"
"31.7939882945";"77.7427414872"
"26.7715873176";"81.3798148332"
"18.4239687763";"83.3846138715"
"21.137991794";"71.3049512261"
"31.5998537557";"77.1741733998"
"24.412609255";"74.8407860501"
"33.6465525772";"76.4592274837"
"22.3012513195";"85.9289956413"
"24.5382482007";"85.6475291087"
"29.9056420836";"79.1886341673"
"23.3333768268";"85.7367732632"
"23.5183512626";"92.4748302057"
"13.4431035246";"77.0487327723"
"26.8317571934";"80.7606426578"
"24.8213053347";"71.9974803028"
"24.984087519";"78.0610717434"
"21.2664061944";"76.0170685904"
"17.6427681291";"75.827903426"
"23.9852803696";"72.4783971894"
"35.5045108871";"78.4729229272"
"17.4671404392";"75.5207177615"
"26.1095961535";"76.8887001407"
"20.5395879561";"86.4293881968"
"18.7818979915";"81.8179262166"
"30.3984165537";"77.6645827442"
"25.7346761154";"94.7649726403"
"22.9539257075";"78.6371554391"
"36.4341024244";"73.0936990182"
"17.6244916965";"79.0779482403"
"24.1295694108";"72.8174602758"
"27.467285233";"75.9764081969"
"18.3365178675";"73.1989304112"
"25.1065564786";"81.2264454562"
"29.1584095925";"96.1053376423"
"34.1939937942";"77.3935458044"
"25.8152179578";"91.6169647704"
"25.5234448604";"79.6813099948"
"18.129987338";"81.6879900852"
"9.5506113722";"77.761701603"
"19.5141628772";"73.7146462691"
"35.394233805";"76.1378977755"
"13.3147681807";"77.2819437225"
"35.5812076702";"74.0556325469"
"34.8801097703";"79.4471333279"
"23.6755425709";"87.859192416"
"28.7733028567";"78.5779690012"
"19.5481295953";"82.882627102"
"26.5179618918";"84.9440734317"
"25.5956250708";"72.6835582157"
"16.9195812603";"80.6607101764"
"30.4350925198";"75.5717440911"
"12.4879056226";"76.1148208185"
"16.2629181883";"74.1976346376"
"23.5065070269";"77.0171647529"
"21.469681507";"73.8613653399"
"27.2342580087";"81.9223854983"
"21.3539093956";"71.8360021663"
"24.7866357855";"82.8107461181"
"24.3077414948";"75.0394383599"
"30.3262061636";"80.7161229554"
"26.2372939543";"72.4745212625"
"18.6666214726";"77.6368427113"
"24.0678215949";"85.2752305956"
"26.0732811734";"73.6440910762"
"15.8952048919";"74.9418191869"
"23.5335881696";"83.0029746375"
"23.0603238969";"70.9621921554"
"28.1882265076";"80.3127271864"
"21.2442998765";"85.2695406856"
"24.4278964769";"82.339165072"
"28.1445590491";"96.5154297118"
"23.5792007782";"77.1138348412"
"21.7776344283";"69.8323014683"
"22.5215210855";"88.2857177374"
"28.6504949898";"93.5740889284"
"20.9561066472";"80.8151577393"
"26.0565957097";"85.7706382898"
"26.2117354756";"89.9220162631"
"21.3005247878";"78.9175170775"
"26.7735392982";"79.759466319"
"26.5882731378";"92.7827002129"
"17.6925475312";"82.9355795437"
"25.9152585504";"75.2128281902"
"25.9017556484";"87.886620288"
"24.4274393112";"73.4772814497"
"13.5623921713";"76.3710753481"
"25.1068977099";"75.6372669149"
"13.2309981011";"78.5814559768"
"27.3661180346";"74.7305522829"
"33.2934524857";"74.6728790697"
"27.581182256";"74.0330662906"
"25.9868965613";"85.957551797"
"24.3151462599";"71.3756415648"
"13.0486221518";"76.0550068848"
"10.1107473623";"77.9772629625"
"33.2505378708";"76.7900084982"
"31.4480214047";"75.9771165897"
"22.8722284271";"87.7676475357"
"15.2927354966";"79.0243200176"
"18.5163641688";"75.3211101524"
"17.4898173602";"78.5549655054"
"35.6517613137";"73.7891407666"
"36.3578496418";"76.0746148765"
"19.7946749364";"84.2031903317"
"21.2948816929";"81.6005009618"
"22.0127313948";"78.4357195044"
"23.6798191093";"78.1989152987"
"22.2450118809";"88.8337921403"
"27.4494565403";"82.5375723726"
"26.1310682344";"85.1839210481"
"24.763533778";"79.3123018488"
"14.901002584";"80.0541131945"
"24.7481444145";"74.3052796056"
"23.0453784611";"73.8590874809"
"34.0746638373";"79.1231558429"
"26.9428300592";"81.6914960774"
"19.5271794268";"77.0657645985"
"27.0531058274";"94.5764034898"
"27.1800074168";"92.5880724829"
"23.309873714";"86.1534716808"
"23.0613193354";"88.645873441"
"19.9664818565";"86.2490486336"
"24.542340014";"85.3200408788"
"24.8978787085";"84.3857964321"
"20.2482247643";"75.9255421054"
"16.6185912145";"73.6644213037"
"13.9672910511";"76.8344074997"
"19.3807045981";"81.4074952365"
"27.9989349071";"96.8901994813"
"16.6522318229";"81.4614665811"
"22.2552885865";"75.1113337195"
"17.0649317458";"80.4019734226"
"20.2867094453";"74.9637347742"
"21.7187832665";"84.7274092082"
"28.2477528161";"80.1507660721"
"23.7690605221";"78.2165957832"
"18.3827822436";"81.4752755326"
"18.0936091488";"76.0434048285"
"19.6844950094";"77.0717940069"
"19.3171555547";"75.0203973674"
"16.6704940791";"78.9550361958"
"13.8905158767";"75.03817474"
"22.0125026782";"88.2378348197"
"35.2330498441";"76.6816358576"
"17.878428607";"78.4017359156"
"25.1529389297";"73.8939785304"
"24.9419590333";"71.0895059145"
"19.1407512208";"73.8227027909"
"26.157332747";"89.9639299642"
"26.7178616627";"78.7586919192"
"23.5785426851";"82.9260165058"
"27.6938334984";"75.641099674"
"24.7544987682";"87.0540145716"
"32.2133435487";"76.7156125767"
"20.3363125983";"78.5691258703"
"12.4450845758";"75.4305614584"
"25.1173382562";"81.9368694286"
"22.4000440818";"86.05884407"
"27.6868233737";"94.6052081992"
"30.2292332547";"79.9570662968"
"18.105771297";"80.1938725368"
"26.5838367125";"90.4380765051"
"28.6837793974";"73.7166554315"
"9.2191372143";"79.3571414035"
"20.4155537516";"76.2013718459"
"21.7252800307";"75.3849695747"
"27.6660354856";"74.4999634549"
"27.9726753996";"75.1193235195"
"17.0337655808";"73.6404498096"
"16.8180126123";"78.0234770415"
"18.4793233296";"83.9108663906"
"25.5552920294";"87.6773701568"
"20.9783476097";"75.8068659234"
"21.7559227582";"81.4750966219"
"22.1739522186";"82.0158056739"
"31.3752259127";"75.2799069714"
"16.2074431076";"80.452270009"
"12.3388891823";"77.9787054558"
"30.0908541781";"79.6952701878"
"19.638030125";"84.6756018466"
"27.9917729207";"73.7916065438"
"27.7203186887";"80.5333659345"
"29.6840453256";"75.8040413935"
"26.9319407164";"92.7494344671"
"22.6956359064";"77.7688536909"
"17.7665965511";"75.4006747034"
"22.0708525573";"88.4201789186"
"28.8252071069";"96.4035539174"
"25.6328346031";"86.1275183547"
"26.2140149821";"75.2450592852"
"18.307223297";"82.9414398776"
"29.2573073659";"75.5654156258"
"35.4306349346";"76.0667823059"
"33.9540499367";"76.1581945667"
"22.4331406725";"71.1824279438"
"24.5003302724";"75.5605909635"
"17.7269833242";"79.941250405"
"25.5613642299";"87.8829322812"
"16.0337539541";"79.1048616174"
"21.9549739881";"88.9847785727"
"29.9634906679";"74.6920009147"
"14.5439019793";"77.2198277338"
"21.8938436747";"76.4158772613"
"16.3010287565";"76.238361822"
